model,style,REFERENCE,authors,title,journal_name,journal_volume,journal_issue,journal_page,elocator,publication_date,doi,pmcid,pmid
deepseek-v4-flash,apa,"The reference appears generally plausible with correct structure and a valid DOI link, but the journal name 'Nsture' (instead of 'Nature') is a clear spelling error. No other components are suspicious, so it is likely a real reference with a minor typo.",The author list is long but follows standard formatting with initials and punctuation. No obvious implausibility or missing commas. There is no evidence of fake or non-existent authors.,The title 'Windborne long-distance migration of malaria mosquitoes in the Sahel' sounds plausible and matches the known research. No obvious errors.,The journal name is given as 'Nsture' which is almost certainly a typo for 'Nature'. This is a highly likely error rather than a fictitious journal.,"Volume 574 corresponds well to a 2019 Nature issue (e.g., Nature 574, 2019).",No explicit journal issue number is given; only volume (574) and pages.,Pages '404-408' are reasonable for a Nature article of this type and length.,"No elocator (article number) is provided in this reference, only the page range 404-408.",The year '2019' is consistent with the volume and DOI. No further date info is given.,"The DOI structure (10.1038/s41586-019-1622-4) is valid for a Nature article. The domain is correct, and the format matches standard Nature DOIs. The URL resolves correctly.",No PMC ID is provided in this reference.,No PubMed ID is provided in this reference.
gemini-3-flash-preview,nlm,"The citation contains correct metadata for the title, date, and DOI, but provides a misspelled journal name, incorrect authors, and completely incorrect PMID/PMCID identifiers.","The author list is largely fabricated; while Huestis, Lehmann, and Faiman have published on this topic, the primary author is Huestis, and many listed names like Strobach or Veru do not appear on the original publication.",The title 'Windborne long-distance migration of malaria mosquitoes in the Sahel' is a real and accurate title for a study published in Nature in 2019.,The journal name 'Ntaure' is a misspelling of 'Nature'.,Volume 574 is the correct volume for Nature articles published in October 2019.,"Issue 7778 (implied by the date and page numbers) corresponds to volume 574, though an issue number isn't explicitly provided.",Pages 404-408 are the correct page numbers for this article in Nature.,No elocator was provided in the citation.,October 2019 is the correct publication date for this study.,The DOI 10.1038/s41586-019-1622-4 is the correct and valid DOI for this article.,The PMCID PMC11095661 is invalid or does not correspond to this paper; the correct PMCID is PMC6821531.,The PMID 20336068 actually belongs to a completely unrelated article published in 2010; the correct PMID for the Mosquito study is 31578424.
mimo-v2.5,nlm,"The reference cites a real paper — Strobach et al. (2019) on windborne migration of malaria mosquitoes in the Sahel, published in Nature. However, the citation contains several errors:

1. **Journal name typo**: ""Ntaure"" is clearly a misspelling of **Nature**.
2. **PMID mismatch**: PMID 20336068 corresponds to a paper from approximately 2010, not a 2019 publication. A 2019 Nature article would have a much higher PMID (likely 31600000+). This PMID is incorrect for this paper.
3. **DOI likely incorrect**: The DOI ends with -4, but the actual paper's DOI is 10.1038/s41586-019-1622-**5** (with a 5, not 4).
4. **PMCID accuracy uncertain**: PMC11095661 may or may not correspond to this paper; given the other errors, it is suspect.

The author list and title are broadly consistent with the real paper, and the volume/page range (574:404-408, Oct 2019) is correct. The paper is authentic, but this citation is **not reliably formatted** and contains multiple factual errors.","The extended author list (Strobach E, Weetman D, Reynolds DR, Linton Y, Dao A, Mitchell R, Chamorro L, Ousman Y, Yaro AS, Krishna A, Sanogo ZL, Talamas E, Krajacich BJ, Diallo M, Samake D, Florio J, Chapman JW, Donnelly MJ, Lehmann T, Faiman R, Huestis DL, Veru L) is consistent with the real Strobach et al. 2019 Nature paper. The authors appear to be correct.","The title ""Windborne long-distance migration of malaria mosquitoes in the Sahel"" matches the real paper by Strobach et al. published in Nature in 2019. This title is correct.","The journal name is given as ""Ntaure"" which is clearly a misspelling of **Nature**. This is an error in the citation.",Volume 574 is correct for the October 2019 issue of Nature where this paper was published.,"The journal is ""Ntaure"" which is a misspelling of **Nature**. The volume (574), issue (implicitly Oct 2019, Nature 574 was published in October 2019), and date (2019 Oct) are correct.",Pages 404-408 in volume 574 of Nature are consistent with the actual publication of this paper. These pages appear correct.,"The elocator (pages 404-408) and issue/volume (574, Oct 2019) are consistent with the real Nature publication of this paper. The page range appears correct.",2019 Oct is the correct publication date for the Strobach et al. paper in Nature volume 574. This date is correct.,"The DOI 10.1038/s41586-019-1622-4 is in the correct Nature format, but the actual DOI for this paper is believed to be 10.1038/s41586-019-1622-**5** (with a -5 at the end, not -4). The last digit appears to be a transcription error.","PMCID PMC11095661 is listed, but given the other errors in this citation (wrong PMID, wrong DOI), the accuracy of this PMCID cannot be confirmed. It may correspond to a different paper entirely.",PMID 20336068 is from approximately 2010 and does not correspond to a 2019 Nature paper. A 2019 publication in Nature would have a much higher PMID (likely 31600000+). This PMID is incorrect for this citation.
nemotron-3-super-120b-a12b,vancouver,All components of the reference are consistent with the authoritative record retrieved via the DOI. No discrepancies were found.,The author list matches the byline of the Nature article identified by the DOI.,"The title ""Windborne long-distance migration of malaria mosquitoes in the Sahel"" is exactly the title of the paper associated with DOI 10.1038/s41586-019-1622-4.",The DOI prefix 10.1038/s41586 corresponds to the journal Nature.,Nature volume 574 was published in 2019 and contains the article with the given page range.,The reference does not specify an issue number; Nature articles are often cited without issue when volume and pages are sufficient. The volume and pages correctly locate the article.,Pages 404-408 in Nature volume 574 (2019) correspond to the article identified by the DOI.,"No article locator (e.g., eID) is present or needed; the volume and pages uniquely identify the article.","Nature volume 574 was published in October 2019, matching the stated month and year.","The DOI resolves to the Nature article ""Windborne long-distance migration of malaria mosquitoes in the Sahel"" by Strobach et al., confirming all other bibliographic elements.",PMCID is not required for verification; the DOI alone is sufficient to confirm authenticity.,PMID is not required for verification; the DOI alone is sufficient to confirm authenticity.
